ticker,horizon,confidence_threshold,total_return,cagr,volatility,sharpe,sortino,max_drawdown,calmar,win_rate,profit_factor,trades,exposure,oos_accuracy,oos_accuracy_std,status
AAPL,1,0.5,0.23811813124096903,0.03281567949158326,0.12819678352473018,0.31477357370020376,0.24188384310828867,-0.16202757022697667,0.20253145465067054,0.5,1.6586186457488983,60,0.20863309352517986,0.5047873015873016,0.02027558183990878,success
AAPL,1,0.55,0.0739881666267419,0.010848769113813495,0.05958361350785235,0.21072912846533381,0.09308311429750624,-0.07746973265859958,0.14003880924209205,0.5,1.7136079174176624,28,0.06414868105515588,0.5047873015873016,0.02027558183990878,success
AAPL,1,0.6,-0.035615632100174155,-0.005467223296166668,0.03278493656631036,-0.15061056421182634,-0.031795257455993306,-0.08631794461655184,-0.06333820065403067,0.5,0.5668325559406086,6,0.02158273381294964,0.5047873015873016,0.02027558183990878,success
AAPL,1,0.65,-0.008668324535827887,-0.0013152353833685293,0.022967650978688324,-0.045663101599726016,-0.0051681903263261835,-0.041869041191031964,-0.031413076248095285,0.6,0.8637390284339963,5,0.007194244604316547,0.5047873015873016,0.02027558183990878,success
AAPL,5,0.5,0.32548529859582653,0.04351666053866787,0.09928413963799171,0.4770030458533913,0.2952280893075679,-0.11263911627303147,0.38633702019807853,0.6176470588235294,2.650359215164374,34,0.10851318944844125,0.4810695340501792,0.07679653607678001,success
AAPL,5,0.55,0.19390478876114003,0.027153831876844947,0.08820930650288336,0.34593171736721734,0.18343241372684546,-0.0830202566778554,0.32707477624660114,0.56,2.2707442145423875,25,0.05695443645083933,0.4810695340501792,0.07679653607678001,success
AAPL,5,0.6,0.068296487251984,0.010037115025827603,0.07318157462259973,0.17117364389473907,0.06752539759865388,-0.08937588158111975,0.1123022771721437,0.5,2.623568079591316,14,0.02877697841726619,0.4810695340501792,0.07679653607678001,success
AAPL,5,0.65,-0.05296838491148359,-0.008193332405649012,0.0337895678162295,-0.22625246188956555,-0.039533030223643656,-0.08464605882077325,-0.09679520251494876,0.3,0.43932856510371526,10,0.013788968824940047,0.4810695340501792,0.07679653607678001,success
AAPL,21,0.5,0.07962146966623052,0.011648511259872985,0.08396922630580637,0.17943528984744206,0.10817611675109026,-0.14200101002022913,0.08203118596278691,0.42857142857142855,1.33970931435283,28,0.11990407673860912,0.49229666928927357,0.12558343459933133,success
AAPL,21,0.55,0.18925154556334078,0.026547645720377044,0.06554404558327234,0.4317684930590959,0.21393500239934707,-0.11343310028753362,0.23403791003757526,0.7894736842105263,2.2999745550659316,19,0.07194244604316546,0.49229666928927357,0.12558343459933133,success
AAPL,21,0.6,-0.0443289987417137,-0.006830836982865907,0.056629885031192394,-0.0931071368011711,-0.03664639862400876,-0.155227975880453,-0.04400519264727509,0.5714285714285714,0.8520465018105596,14,0.03896882494004796,0.49229666928927357,0.12558343459933133,success
AAPL,21,0.65,-0.018910074596389714,-0.0028818451567166337,0.024871175575583583,-0.10352187854263062,-0.024364218028723777,-0.05267843329425026,-0.054706356596052774,0.2857142857142857,0.7958424351040868,7,0.01738609112709832,0.49229666928927357,0.12558343459933133,success
MSFT,1,0.5,0.07698172535397574,0.01127419726827572,0.12541059372950164,0.15154844888093696,0.11340116759361385,-0.20501710033844212,0.054991497049096304,0.5454545454545454,1.3040006086019753,33,0.21402877697841727,0.4951483870967742,0.06963839867175715,success
MSFT,1,0.55,-0.2977064822031533,-0.05202199331262325,0.0959838038673445,-0.5079983727691673,-0.25919999702105,-0.3517856521546916,-0.1478798040624678,0.35,0.4081725494753406,40,0.08752997601918465,0.4951483870967742,0.06963839867175715,success
MSFT,1,0.6,-0.18542450840121394,-0.030527462129424476,0.055439429024579094,-0.5309391917395009,-0.15694686909099145,-0.22272261866281073,-0.13706493894830368,0.2222222222222222,0.06083970168668467,9,0.03477218225419664,0.4951483870967742,0.06963839867175715,success
MSFT,1,0.65,-0.09308589957910163,-0.01466187841674893,0.04684631705572389,-0.2915341971903855,-0.06497062329990848,-0.13308031753289806,-0.1101731547426196,0.0,0.0,4,0.023381294964028777,0.4951483870967742,0.06963839867175715,success
MSFT,5,0.5,0.08308093614044365,0.012137886889813654,0.09994270520066394,0.17061386956661476,0.09755412280535829,-0.18509570221525318,0.06557627618872615,0.5,1.338354046618056,30,0.14148681055155876,0.46142058371735784,0.0688722329977206,success
MSFT,5,0.55,0.0025846595043041987,0.000390294443879613,0.08262857255563946,0.045757968527238416,0.021267137368701002,-0.2101022718654606,0.0018576402835355289,0.5238095238095238,1.0839235283070194,21,0.09172661870503597,0.46142058371735784,0.0688722329977206,success
MSFT,5,0.6,-0.047844211500640554,-0.00738394552745536,0.05577921869998361,-0.10477410126548238,-0.036894834947090054,-0.19705507852092652,-0.03747148047580622,0.5,0.8557730271328935,16,0.053357314148681056,0.46142058371735784,0.0688722329977206,success
MSFT,5,0.65,-0.08111520402340655,-0.012706713431166028,0.04514143584280131,-0.26042378364616436,-0.06072019149216614,-0.154863212779497,-0.08205120637177123,0.5714285714285714,0.3780422029016023,7,0.023980815347721823,0.46142058371735784,0.0688722329977206,success
MSFT,21,0.5,-0.12472827199584857,-0.01993753686976507,0.09163256243938196,-0.17354271869039967,-0.09778339944678598,-0.23494730017709609,-0.08485961258008398,0.6111111111111112,0.720642982281885,18,0.1642685851318945,0.46024505638604774,0.1593995098839041,success
MSFT,21,0.55,-0.1495003003517752,-0.024181921270873707,0.08363134368192693,-0.2504050886412754,-0.11932883486765006,-0.2169602578888089,-0.11145783797540851,0.4090909090909091,0.6154876255010149,22,0.11151079136690648,0.46024505638604774,0.1593995098839041,success
MSFT,21,0.6,-0.05065745292181334,-0.007827850974565842,0.06768305821524315,-0.08206856055829298,-0.03142154833805633,-0.08358603703427081,-0.09365022260065246,0.5333333333333333,0.7260023193107651,15,0.06534772182254196,0.46024505638604774,0.1593995098839041,success
MSFT,21,0.65,-0.041311923887358604,-0.006357484477864661,0.04941896665224462,-0.1041256578312034,-0.029591732224556917,-0.05773116712078785,-0.11012222331419759,0.3,0.5567213727593353,10,0.03537170263788969,0.46024505638604774,0.1593995098839041,success
GOOGL,1,0.5,0.2849871582549155,0.038633208337370384,0.12869854442721523,0.3582113233812684,0.3107428619313173,-0.16687953423337953,0.23150357241135505,0.5645161290322581,1.527084813741469,62,0.21522781774580335,0.5301081413210446,0.08076005538593413,success
GOOGL,1,0.55,-0.179668917103047,-0.029495032653240272,0.08460076345100978,-0.3113299406972434,-0.1841700438080261,-0.25965538163376045,-0.11359299571476827,0.4791666666666667,0.7575384498069652,48,0.11510791366906475,0.5301081413210446,0.08076005538593413,success
GOOGL,1,0.6,-0.08195899023492337,-0.012843817960800252,0.03956925458204506,-0.30670245413987846,-0.09971120031023026,-0.13812111031731067,-0.09298953600426235,0.42105263157894735,0.6856966881075627,19,0.02577937649880096,0.5301081413210446,0.08076005538593413,success
GOOGL,1,0.65,-0.002899343449126901,-0.0004388333672270539,0.0065760255636832824,-0.06341828738549633,-0.00931505899965112,-0.009242427656125152,-0.04748031399912877,0.0,0.0,2,0.004796163069544364,0.5301081413210446,0.08076005538593413,success
GOOGL,5,0.5,0.2771700687116272,0.03767557885166761,0.11803961036391551,0.37189806275102116,0.2595006008471685,-0.2137366458381581,0.17627103065983196,0.6333333333333333,1.6664787399181107,30,0.17685851318944845,0.5206082949308756,0.06182789920902546,success
GOOGL,5,0.55,-0.0980635521076253,-0.015481328601669064,0.1018208762762959,-0.10231464885963346,-0.052683245046968426,-0.1951932629631402,-0.0793128224133049,0.5757575757575758,0.8438915387217798,33,0.10671462829736211,0.5206082949308756,0.06182789920902546,success
GOOGL,5,0.6,-0.12245819329773566,-0.019553706654183545,0.06258134961707901,-0.2838871753404678,-0.09794687521640842,-0.16574914000594732,-0.11797169296614106,0.4444444444444444,0.4997067085622107,18,0.049160671462829736,0.5206082949308756,0.06182789920902546,success
GOOGL,5,0.65,-0.022758605894942052,-0.0034741181889448303,0.03967577136687654,-0.06764817002240577,-0.014466766209667912,-0.09753942424315387,-0.035617579413676645,0.5,0.9231262429846611,10,0.025179856115107913,0.5206082949308756,0.06182789920902546,success
GOOGL,21,0.5,0.3946781744128742,0.05157463383373018,0.1216437849760591,0.4737415578927946,0.33154321955469895,-0.24015820170456648,0.2147527482620616,0.6153846153846154,2.296011795135461,26,0.19124700239808154,0.4850298452661946,0.12354556202524376,success
GOOGL,21,0.55,0.40171290753935396,0.05237474593847202,0.10898355096656978,0.5223406558909451,0.3356522689972816,-0.17497495835248256,0.2993270947546931,0.6666666666666666,2.825689497513789,24,0.15467625899280577,0.4850298452661946,0.12354556202524376,success
GOOGL,21,0.6,0.03551315546089229,0.005289326740917977,0.09349505733344002,0.10292317131343488,0.054822781496458646,-0.23810493714886083,0.022214267390898924,0.5263157894736842,1.2010659450111367,19,0.11690647482014388,0.4850298452661946,0.12354556202524376,success
GOOGL,21,0.65,0.14587851783361172,0.020798363054882474,0.07316956364747942,0.31723235659140037,0.1755183925368545,-0.10104300911052155,0.20583673465358773,0.6666666666666666,2.455315816118009,18,0.08633093525179857,0.4850298452661946,0.12354556202524376,success
AMZN,1,0.5,0.8388878619428584,0.09645990374927882,0.13000263932303524,0.7723578891825992,0.5468715730072772,-0.15261471998637754,0.6320484928183131,0.6785714285714286,2.9301878369675958,28,0.15827338129496402,0.5097273937532003,0.04961870541939171,success
AMZN,1,0.55,0.5546185739152298,0.06897545380979553,0.0909602180369758,0.7778940593242435,0.4853790278799943,-0.0785660519503405,0.8779294885963351,0.7,5.466641791273195,20,0.09952038369304557,0.5097273937532003,0.04961870541939171,success
AMZN,1,0.6,0.54454852867065,0.06792582118493362,0.05357248099523456,1.2524747338821036,0.6503009612273745,-0.05365697403596459,1.2659271680025241,0.7931034482758621,4.53132748748605,29,0.03357314148681055,0.5097273937532003,0.04961870541939171,success
AMZN,1,0.65,0.10196150694004835,0.01478558275304942,0.01914204198874976,0.775741106384669,,-0.00972484772264992,1.5203922133004362,1.0,inf,3,0.002398081534772182,0.5097273937532003,0.04961870541939171,success
AMZN,5,0.5,0.7565814387841199,0.08889611436685563,0.11295587346983685,0.8096862845188407,0.5198227920931822,-0.11415043629595245,0.7787628085483517,0.625,3.3570336541571093,24,0.1420863309352518,0.5289396825396825,0.111265010466723,success
AMZN,5,0.55,0.48396767950410746,0.06148580988850316,0.09741384676491009,0.660561052913251,0.3481862867105158,-0.11128387271950235,0.5525132113570653,0.6111111111111112,2.8890905174947945,18,0.1013189448441247,0.5289396825396825,0.111265010466723,success
AMZN,5,0.6,0.4028408672569832,0.05250271989616939,0.08338718169820278,0.6544105901580825,0.35460310759736524,-0.11266336577504832,0.46601412566530326,0.6923076923076923,5.227599423254257,13,0.0803357314148681,0.5289396825396825,0.111265010466723,success
AMZN,5,0.65,0.1322650201053701,0.01895574022817592,0.06473548198009466,0.32201565952840283,0.16195547736955923,-0.19415662051201787,0.09763118135341979,0.47368421052631576,1.8326539509148019,19,0.05995203836930456,0.5289396825396825,0.111265010466723,success
AMZN,21,0.5,0.7073415603335587,0.08422601196114488,0.12718791922221145,0.6982903917788114,0.4523719295096635,-0.2337921269281702,0.3602602579813233,0.6,5.7264472206468495,20,0.14628297362110312,0.5191768161552583,0.2521649491205658,success
AMZN,21,0.55,0.8060875939474179,0.093480759529736,0.11524336031322985,0.8322623140737562,0.4614959375889157,-0.23179844975355457,0.4032846622965929,0.5789473684210527,5.023496175737915,19,0.11510791366906475,0.5191768161552583,0.2521649491205658,success
AMZN,21,0.6,0.6825624177516185,0.08183246719231962,0.09580064214363106,0.8683197588740635,0.37560615384479756,-0.13004659221698633,0.6292549908249798,0.6153846153846154,4.798475905843408,13,0.08752997601918465,0.5191768161552583,0.2521649491205658,success
AMZN,21,0.65,0.604272222347009,0.07406814631773084,0.08109581749691594,0.9206633207576961,0.4551562767729374,-0.05609628363738828,1.320375281837107,0.875,14.943102565071657,8,0.07194244604316546,0.5191768161552583,0.2521649491205658,success
TSLA,1,0.5,0.5922271753439066,0.07284517764337672,0.22503524812952733,0.424815967044383,0.28864312839163747,-0.45183284701367277,0.16122151836644222,0.43548387096774194,1.4018692894146287,62,0.17326139088729017,0.5318859190988224,0.05942845862984743,success
TSLA,1,0.55,0.920764648514528,0.10370426692125778,0.1551152145604459,0.7140212120795808,0.30115521206134355,-0.30453155424864364,0.34053701652402635,0.5789473684210527,1.8942482486698793,38,0.07733812949640288,0.5318859190988224,0.05942845862984743,success
TSLA,1,0.6,0.8309742059814635,0.09574528529966342,0.10182746151674707,0.9485411298925601,0.255254235788015,-0.15508210132752043,0.6173844981469356,0.6190476190476191,3.1113180059437364,21,0.03297362110311751,0.5318859190988224,0.05942845862984743,success
TSLA,1,0.65,0.8657037286697249,0.0988621753116059,0.08990306434982774,1.0930105436481972,0.17949197172014936,-0.13031660465635186,0.7586306869512748,0.8461538461538461,7.15951773229334,13,0.016786570743405275,0.5318859190988224,0.05942845862984743,success
TSLA,5,0.5,0.30076517801253044,0.04055112075465406,0.19446712976888061,0.3009313762520271,0.20130815160706678,-0.481030618989143,0.08430049804286846,0.5405405405405406,1.3496561886441232,37,0.15587529976019185,0.49336856118791605,0.08912291044895546,success
TSLA,5,0.55,0.6640210882362221,0.08002181553458954,0.1556896570018609,0.5713899488601257,0.2886877678099182,-0.36390048336508773,0.2199002727190847,0.6363636363636364,2.2204984061853823,22,0.09472422062350119,0.49336856118791605,0.08912291044895546,success
TSLA,5,0.6,0.7039688954493424,0.08390196948729267,0.1356527455012577,0.6603953668122475,0.2799773456649865,-0.22461520487354747,0.3735364644371573,0.8,3.4535449932524043,15,0.06175059952038369,0.49336856118791605,0.08912291044895546,success
TSLA,5,0.65,0.3101984432162017,0.041688377945026556,0.11168263449372534,0.4195627473510487,0.17316038627172112,-0.25420120566683657,0.16399756183558212,0.45454545454545453,1.9536335895688748,11,0.03657074340527578,0.49336856118791605,0.08912291044895546,success
TSLA,21,0.5,0.49762121012634375,0.06295646233250851,0.2282394933392471,0.3775050411803622,0.2781093672971715,-0.43498665763641875,0.14473193884749067,0.6153846153846154,2.0177340059150186,13,0.1528776978417266,0.5242103330710727,0.13014268777229338,success
TSLA,21,0.55,0.3684205450964362,0.048557577194028534,0.20237266006630575,0.3328068271773599,0.2052406315971169,-0.435447602815214,0.11151187164678081,0.8333333333333334,1.9997597103350448,6,0.1288968824940048,0.5242103330710727,0.13014268777229338,success
TSLA,21,0.6,0.13867618867997789,0.019825838035783416,0.17395501260028737,0.19890389658678412,0.11558963408202907,-0.4743826367022047,0.04179292516608097,0.625,1.307194296084451,8,0.11810551558752998,0.5242103330710727,0.13014268777229338,success
TSLA,21,0.65,0.4516506054064786,0.05795855733799815,0.1587656717742195,0.4333413001330379,0.2187895332574942,-0.4158161483184648,0.1393850565264938,0.6923076923076923,1.8718347857800992,13,0.09832134292565947,0.5242103330710727,0.13014268777229338,success
